,Open,High,Low,Close,Adj Close,Volume,score,body_sentiment,title_sentiment,counts
2020-04-01,3.45,3.49,3.12,3.25,3.25,4568700,1.0,-0.65225,-0.05135,2
2020-04-02,3.26,3.35,2.85,2.85,2.85,4064300,,,,0
2020-04-03,2.85,2.94,2.57,2.8,2.8,3830400,,,,0
2020-04-04,2.85,2.94,2.57,2.8,2.8,3830400,,,,0
2020-04-05,2.85,2.94,2.57,2.8,2.8,3830400,,,,0
2020-04-06,2.86,3.2,2.83,3.09,3.09,3340500,18.5,0.058300000000000005,0.0,2
2020-04-07,3.39,3.44,3.1,3.27,3.27,2836900,,,,0
2020-04-08,3.23,3.67,3.2,3.41,3.41,2884500,15.0,-0.8873,0.5106,1
2020-04-09,3.6,4.25,3.49,3.89,3.89,5908600,6.0,-0.8074,0.0,1
2020-04-10,3.6,4.25,3.49,3.89,3.89,5908600,,,,0
2020-04-11,3.6,4.25,3.49,3.89,3.89,5908600,,,,0
2020-04-12,3.6,4.25,3.49,3.89,3.89,5908600,,,,0
2020-04-13,4.25,4.76,4.16,4.74,4.74,6844500,43.0,0.8851,0.0,1
2020-04-14,5.21,6.47,5.14,5.95,5.95,13506600,40.5,0.05401,-0.010260000000000009,10
2020-04-15,5.66,5.67,4.9,5.27,5.27,7499900,,,,0
2020-04-16,5.12,5.44,4.88,5.03,5.03,3371900,22.0,-0.9378,0.0,1
2020-04-17,5.22,5.28,4.43,4.88,4.88,5653200,14.0,-0.9731,0.0,2
2020-04-18,5.22,5.28,4.43,4.88,4.88,5653200,,,,0
2020-04-19,5.22,5.28,4.43,4.88,4.88,5653200,1.0,0.9735,0.0,1
2020-04-20,4.85,5.9,4.78,5.61,5.61,6085000,1.0,0.296,0.0,1
2020-04-21,5.23,5.3,4.76,4.78,4.78,4142100,,,,0
2020-04-22,5.14,5.17,4.83,4.89,4.89,2677800,1.0,0.6767,0.894,1
2020-04-23,4.75,4.89,4.58,4.7,4.7,2265900,1.0,0.4283666666666666,0.11333333333333334,3
2020-04-24,4.78,4.85,4.66,4.77,4.77,2236200,,,,0
2020-04-25,4.78,4.85,4.66,4.77,4.77,2236200,,,,0
2020-04-26,4.78,4.85,4.66,4.77,4.77,2236200,1.0,-0.7845,-0.4215,1
2020-04-27,4.85,5.99,4.81,5.82,5.82,7275100,4.0,0.4588,0.0,1
2020-04-28,5.92,6.04,5.06,5.64,5.64,5200200,1.0,0.9566,0.481,1
2020-04-29,5.83,6.09,5.45,6.04,6.04,3369600,1.0,0.9556,0.0,1
2020-04-30,5.87,5.98,5.64,5.73,5.73,2173300,1.0,-0.1007,0.0,1
2020-05-01,5.65,6.18,5.45,6.05,6.05,4005600,,,,0
2020-05-02,5.65,6.18,5.45,6.05,6.05,4005600,,,,0
2020-05-03,5.65,6.18,5.45,6.05,6.05,4005600,1.0,0.644,0.0,1
2020-05-04,5.84,5.93,5.4,5.48,5.48,4068100,1.0,-0.4653,0.0,1
2020-05-05,5.55,5.63,5.35,5.39,5.39,2105900,,,,0
2020-05-06,5.4,5.4,4.9,4.93,4.93,3369600,,,,0
2020-05-07,4.83,4.93,4.65,4.87,4.87,2500800,,,,0
2020-05-08,4.88,5.19,4.82,4.98,4.98,2353700,,,,0
2020-05-09,4.88,5.19,4.82,4.98,4.98,2353700,,,,0
2020-05-10,4.88,5.19,4.82,4.98,4.98,2353700,,,,0
2020-05-11,4.92,4.96,4.75,4.76,4.76,1699200,,,,0
2020-05-12,4.78,4.92,4.46,4.54,4.54,2639200,,,,0
2020-05-13,4.54,4.54,4.07,4.21,4.21,2882900,,,,0
2020-05-14,4.15,4.19,3.96,4.13,4.13,2004900,,,,0
2020-05-15,4.05,4.45,4.04,4.22,4.22,1940600,,,,0
2020-05-16,4.05,4.45,4.04,4.22,4.22,1940600,,,,0
2020-05-17,4.05,4.45,4.04,4.22,4.22,1940600,,,,0
2020-05-18,4.4,4.63,4.36,4.58,4.58,2371700,,,,0
2020-05-19,4.58,4.75,4.37,4.44,4.44,1840700,,,,0
2020-05-20,4.5,4.69,4.34,4.43,4.43,2543600,1.0,0.18495,0.0,2
2020-05-21,4.45,4.65,4.4,4.44,4.44,1971900,,,,0
2020-05-22,4.46,4.49,4.13,4.18,4.18,2379900,,,,0
2020-05-23,4.46,4.49,4.13,4.18,4.18,2379900,,,,0
2020-05-24,4.46,4.49,4.13,4.18,4.18,2379900,,,,0
2020-05-25,4.46,4.49,4.13,4.18,4.18,2379900,,,,0
2020-05-26,4.34,4.61,4.33,4.42,4.42,3545700,,,,0
2020-05-27,4.57,4.71,4.36,4.69,4.69,3146600,1.0,-0.40215,0.0,2
2020-05-28,4.75,4.76,4.3,4.33,4.33,2183900,,,,0
2020-05-29,4.33,4.42,4.05,4.06,4.06,3973500,,,,0
2020-05-30,4.33,4.42,4.05,4.06,4.06,3973500,1.0,0.1714,0.0,1
2020-05-31,4.33,4.42,4.05,4.06,4.06,3973500,,,,0
2020-06-01,4.12,4.36,4.02,4.13,4.13,2611600,,,,0
2020-06-02,4.27,4.31,4.06,4.18,4.18,2369400,,,,0
2020-06-03,4.24,4.52,4.2,4.44,4.44,3037400,,,,0
2020-06-04,4.44,4.72,4.37,4.47,4.47,3514300,2.0,0.6705,0.8995,1
2020-06-05,4.29,4.41,4.09,4.14,4.14,6274400,,,,0
2020-06-06,4.29,4.41,4.09,4.14,4.14,6274400,1.0,0.9998,0.0,1
2020-06-07,4.29,4.41,4.09,4.14,4.14,6274400,,,,0
2020-06-08,4.28,5.14,4.27,5.01,5.01,10133700,,,,0
2020-06-09,5.0,5.0,4.55,4.96,4.96,8073400,,,,0
2020-06-10,4.78,5.53,4.68,5.07,5.07,10606400,,,,0
2020-06-11,4.64,4.9,4.18,4.37,4.37,6236000,,,,0
2020-06-12,4.6,4.78,4.39,4.72,4.72,4378200,,,,0
2020-06-13,4.6,4.78,4.39,4.72,4.72,4378200,91.0,0.05650000000000005,-0.10115,2
2020-06-14,4.6,4.78,4.39,4.72,4.72,4378200,,,,0
2020-06-15,4.5,4.77,4.42,4.69,4.69,3909000,,,,0
2020-06-16,4.95,4.95,4.51,4.64,4.64,3121300,,,,0
2020-06-17,4.54,4.83,4.53,4.76,4.76,3593500,4.5,-0.3087,0.2769,2
2020-06-18,4.67,4.95,4.65,4.95,4.95,3423800,5.0,0.9695,0.0,1
2020-06-19,4.95,5.08,4.69,4.88,4.88,7366600,1.0,0.9664,0.0,1
2020-06-20,4.95,5.08,4.69,4.88,4.88,7366600,,,,0
2020-06-21,4.95,5.08,4.69,4.88,4.88,7366600,,,,0
2020-06-22,4.79,4.95,4.72,4.87,4.87,3178900,,,,0
2020-06-23,4.95,4.99,4.8,4.83,4.83,3205400,,,,0
2020-06-24,4.83,4.84,4.38,4.41,4.41,2976200,,,,0
2020-06-25,4.33,4.54,4.3,4.46,4.46,2450800,,,,0
2020-06-26,4.48,4.5,4.27,4.35,4.35,3801200,,,,0
2020-06-27,4.48,4.5,4.27,4.35,4.35,3801200,,,,0
2020-06-28,4.48,4.5,4.27,4.35,4.35,3801200,,,,0
2020-06-29,4.35,4.52,4.3,4.38,4.38,2131200,,,,0
2020-06-30,4.33,4.51,4.2,4.34,4.34,3889000,,,,0
2020-07-01,4.31,4.5,4.31,4.44,4.44,2303700,,,,0
2020-07-02,4.49,4.51,4.29,4.29,4.29,1887600,,,,0
2020-07-03,4.49,4.51,4.29,4.29,4.29,1887600,1.0,0.5826,0.0,1
2020-07-04,4.49,4.51,4.29,4.29,4.29,1887600,,,,0
2020-07-05,4.49,4.51,4.29,4.29,4.29,1887600,,,,0
2020-07-06,4.31,4.34,4.19,4.24,4.24,2140900,,,,0
2020-07-07,4.2,4.25,4.06,4.09,4.09,2456600,,,,0
2020-07-08,4.1,4.29,4.03,4.26,4.26,2052800,,,,0
2020-07-09,4.27,4.32,4.13,4.21,4.21,1992600,,,,0
2020-07-10,4.2,4.38,4.18,4.34,4.34,1410800,,,,0
2020-07-11,4.2,4.38,4.18,4.34,4.34,1410800,,,,0
2020-07-12,4.2,4.38,4.18,4.34,4.34,1410800,,,,0
2020-07-13,4.35,4.55,4.26,4.26,4.26,4216200,,,,0
2020-07-14,4.22,4.31,4.07,4.08,4.08,2261600,,,,0
2020-07-15,4.13,4.29,4.13,4.19,4.19,1474100,,,,0
2020-07-16,4.19,4.2,4.09,4.17,4.17,1330100,,,,0
2020-07-17,4.16,4.23,3.94,3.96,3.96,3065900,,,,0
2020-07-18,4.16,4.23,3.94,3.96,3.96,3065900,,,,0
2020-07-19,4.16,4.23,3.94,3.96,3.96,3065900,,,,0
2020-07-20,3.95,4.06,3.77,3.85,3.85,3401100,,,,0
2020-07-21,3.9,4.09,3.88,4.01,4.01,3341000,,,,0
2020-07-22,4.02,4.12,3.92,4.11,4.11,2523500,,,,0
2020-07-23,4.09,4.31,4.06,4.11,4.11,3237200,,,,0
2020-07-24,4.06,4.23,4.01,4.03,4.03,2215900,,,,0
2020-07-25,4.06,4.23,4.01,4.03,4.03,2215900,,,,0
2020-07-26,4.06,4.23,4.01,4.03,4.03,2215900,,,,0
2020-07-27,4.02,4.12,3.95,4.01,4.01,2472700,,,,0
2020-07-28,3.96,4.05,3.92,3.94,3.94,4555400,,,,0
2020-07-29,3.94,4.18,3.92,4.06,4.06,2879600,,,,0
2020-07-30,4.0,4.23,3.97,4.1,4.1,2398500,1.0,-0.8574,0.4215,1
2020-07-31,4.06,4.16,3.99,4.01,4.01,1879400,,,,0
2020-08-01,4.06,4.16,3.99,4.01,4.01,1879400,,,,0
2020-08-02,4.06,4.16,3.99,4.01,4.01,1879400,,,,0
2020-08-03,4.03,4.25,4.0,4.15,4.15,2517600,,,,0
2020-08-04,4.13,4.74,4.13,4.43,4.43,10361400,,,,0
2020-08-05,4.5,4.76,4.25,4.63,4.63,4925700,,,,0
2020-08-06,4.6,4.66,4.38,4.43,4.43,1901200,,,,0
2020-08-07,4.39,4.4,4.06,4.16,4.16,3341100,,,,0
2020-08-08,4.39,4.4,4.06,4.16,4.16,3341100,,,,0
2020-08-09,4.39,4.4,4.06,4.16,4.16,3341100,,,,0
2020-08-10,4.2,4.57,4.18,4.33,4.33,4561800,,,,0
2020-08-11,4.43,4.57,4.34,4.35,4.35,3138800,,,,0
2020-08-12,4.4,4.63,4.36,4.52,4.52,3057600,,,,0
2020-08-13,4.52,4.71,4.5,4.64,4.64,2128300,,,,0
2020-08-14,4.6,4.83,4.55,4.75,4.75,3474400,,,,0
2020-08-15,4.6,4.83,4.55,4.75,4.75,3474400,,,,0
2020-08-16,4.6,4.83,4.55,4.75,4.75,3474400,,,,0
2020-08-17,4.78,4.78,4.56,4.63,4.63,2371000,,,,0
2020-08-18,4.61,4.87,4.43,4.81,4.81,3834400,,,,0
2020-08-19,4.8,4.84,4.64,4.72,4.72,2612600,1.0,0.6201,-0.296,1
2020-08-20,4.62,4.68,4.51,4.61,4.61,2441200,,,,0
2020-08-21,4.6,5.6,4.6,5.03,5.03,10642600,,,,0
2020-08-22,4.6,5.6,4.6,5.03,5.03,10642600,,,,0
2020-08-23,4.6,5.6,4.6,5.03,5.03,10642600,,,,0
2020-08-24,5.1,5.13,4.56,4.87,4.87,4585400,,,,0
2020-08-25,4.88,5.25,4.88,4.98,4.98,2998700,,,,0
2020-08-26,4.97,5.22,4.92,5.11,5.11,2779700,,,,0
2020-08-27,5.11,5.38,5.02,5.25,5.25,3384400,,,,0
2020-08-28,5.3,5.57,5.22,5.39,5.39,4236900,,,,0
2020-08-29,5.3,5.57,5.22,5.39,5.39,4236900,1.0,0.4588,0.4278,1
2020-08-30,5.3,5.57,5.22,5.39,5.39,4236900,,,,0
2020-08-31,5.77,7.15,5.69,6.68,6.68,37976000,1.0,0.13094999999999998,0.0,2
2020-09-01,7.3,7.82,6.77,7.65,7.65,23211000,1.0,0.9493499999999999,0.0,2
2020-09-02,7.8,8.05,7.11,7.71,7.71,13011100,1.0,0.3314333333333333,0.25720000000000004,3
2020-09-03,7.88,8.45,7.24,7.82,7.82,14344500,1.0,0.8126,0.0,1
2020-09-04,7.78,7.92,7.17,7.65,7.65,7662000,,,,0
2020-09-05,7.78,7.92,7.17,7.65,7.65,7662000,,,,0
2020-09-06,7.78,7.92,7.17,7.65,7.65,7662000,1.0,0.1531,0.34,1
2020-09-07,7.78,7.92,7.17,7.65,7.65,7662000,,,,0
2020-09-08,7.55,8.28,7.48,7.7,7.7,9816600,1.0,0.04859999999999998,0.2139,2
2020-09-09,7.96,7.99,7.31,7.35,7.35,9068100,1.0,0.08629999999999999,-0.135575,4
2020-09-10,6.65,6.95,6.19,6.23,6.23,15558300,1.0,0.55,-0.0386,2
2020-09-11,6.26,6.33,5.87,6.09,6.09,6061200,,,,0
2020-09-12,6.26,6.33,5.87,6.09,6.09,6061200,,,,0
2020-09-13,6.26,6.33,5.87,6.09,6.09,6061200,,,,0
2020-09-14,6.8,7.0,6.43,6.91,6.91,10119000,1.0,0.7351,0.5859,1
2020-09-15,6.86,7.26,6.69,7.09,7.09,5743500,1.0,-0.20263333333333333,-0.5327333333333333,3
2020-09-16,7.03,9.04,7.03,8.68,8.68,19256300,1.0,0.06708333333333333,-0.1445833333333333,6
2020-09-17,8.57,9.77,8.41,9.2,9.2,17026700,1.0,0.1169,0.0,5
2020-09-18,9.2,9.77,8.91,9.47,9.47,17407500,3.75,0.37434999999999996,-0.025675,4
2020-09-19,9.2,9.77,8.91,9.47,9.47,17407500,1.0,0.042133333333333356,0.0,3
2020-09-20,9.2,9.77,8.91,9.47,9.47,17407500,1.0,-0.4396,0.0,1
2020-09-21,9.35,9.6,8.38,8.75,8.75,7639800,1.0,-0.65805,-0.20095,2
2020-09-22,10.45,11.17,9.9,10.56,10.56,34752500,1.0,0.30484,0.023960000000000002,5
2020-09-23,10.6,10.86,9.92,10.04,10.04,10651200,1.0,-0.07349999999999998,-0.01726666666666669,3
2020-09-24,9.71,9.81,9.01,9.14,9.14,7938800,1.0,0.8873666666666665,0.08333333333333333,3
2020-09-25,9.19,10.18,9.1,10.02,10.02,7515200,1.0,0.24583750000000001,0.08757499999999999,8
2020-09-26,9.19,10.18,9.1,10.02,10.02,7515200,1.0,0.80985,0.0,2
2020-09-27,9.19,10.18,9.1,10.02,10.02,7515200,,,,0
2020-09-28,10.16,10.26,9.55,10.09,10.09,6764300,1.0,0.43445,0.0,2
2020-09-29,10.0,10.65,9.93,10.35,10.35,5237600,1.0,0.5014,-0.09223333333333332,3
2020-09-30,10.25,10.76,10.06,10.2,10.2,6079000,1.0,0.2741,-0.607,1
2020-10-01,10.09,10.25,9.69,9.77,9.77,4554100,1.0,0.8829,0.0,2
2020-10-02,9.38,9.78,9.3,9.39,9.39,4340500,1.0,0.5073000000000001,-0.601,2
2020-10-03,9.38,9.78,9.3,9.39,9.39,4340500,,,,0
2020-10-04,9.38,9.78,9.3,9.39,9.39,4340500,,,,0
2020-10-05,9.44,9.59,9.25,9.46,9.46,2805000,1.0,-0.07703333333333331,-0.0070666666666666655,3
2020-10-06,9.56,9.84,9.1,9.13,9.13,4535400,1.0,0.9605,0.6908,1
2020-10-07,9.23,9.56,9.17,9.36,9.36,3308600,1.0,-0.440875,-0.135575,4
2020-10-08,9.54,13.64,9.19,13.49,13.49,76453600,1.0625,0.10219375,0.06284999999999999,16
2020-10-09,12.83,14.8,11.9,12.02,12.02,77152800,1.0555555555555556,0.15597500000000003,0.03473611111111111,36
2020-10-10,12.83,14.8,11.9,12.02,12.02,77152800,1.0,0.15541666666666668,0.00286666666666667,12
2020-10-11,12.83,14.8,11.9,12.02,12.02,77152800,1.0666666666666667,0.22837333333333337,0.10020000000000001,15
2020-10-12,11.66,12.77,11.4,11.8,11.8,23655700,1.0,0.3204000000000001,-0.10621999999999998,5
2020-10-13,11.73,12.42,11.65,11.88,11.88,10179700,1.0,0.31066153846153843,-0.12774615384615384,13
2020-10-14,12.67,12.68,12.05,12.25,12.25,10776800,1.0,0.3691583333333333,-0.01291666666666666,12
2020-10-15,11.99,15.1,11.99,13.83,13.83,39894800,0.9583333333333334,0.10983750000000003,-0.024729166666666663,24
2020-10-16,13.77,13.9,13.08,13.31,13.31,11651600,1.0,0.14825000000000002,-0.14320000000000005,24
2020-10-17,13.77,13.9,13.08,13.31,13.31,11651600,1.0,-0.260725,0.14315,4
2020-10-18,13.77,13.9,13.08,13.31,13.31,11651600,1.0,0.0023800000000000045,0.016379999999999995,5
2020-10-19,13.44,14.5,13.38,13.91,13.91,13169100,1.0,0.5136857142857142,0.0717857142857143,7
2020-10-20,14.03,14.14,13.67,13.86,13.86,6604000,1.0,0.1538571428571429,0.07292857142857143,7
2020-10-21,13.9,14.42,13.8,14.1,14.1,5361900,1.0,0.02280000000000002,0.09081818181818181,11
2020-10-22,14.2,15.87,14.19,14.91,14.91,16212200,1.0,-0.04772727272727273,0.022718181818181825,11
2020-10-23,15.05,15.38,14.55,15.0,15.0,6507300,1.0,0.3604111111111112,-0.07719999999999999,9
2020-10-24,15.05,15.38,14.55,15.0,15.0,6507300,1.0,0.0958,0.017820000000000013,5
2020-10-25,15.05,15.38,14.55,15.0,15.0,6507300,1.0,0.03420000000000001,0.41617999999999994,5
2020-10-26,14.93,15.45,13.26,13.45,13.45,13376300,1.0,0.4551933333333334,0.12949333333333335,15
2020-10-27,13.71,13.71,12.36,12.69,12.69,7231000,1.0,0.14881875000000003,-0.06991249999999999,16
2020-10-28,12.27,13.05,11.78,11.82,11.82,6388600,1.0,-0.23212500000000003,0.18496666666666664,12
2020-10-29,11.88,12.25,11.68,11.73,11.73,4165800,1.0,0.14939473684210522,0.032184210526315794,19
2020-10-30,11.64,11.64,10.36,10.47,10.47,11546900,1.0,0.0681533333333333,0.05257333333333333,15
2020-10-31,11.64,11.64,10.36,10.47,10.47,11546900,1.0,0.8542,0.4003,1
2020-11-01,11.64,11.64,10.36,10.47,10.47,11546900,1.0,0.9584,0.5227,1
2020-11-02,10.82,11.09,10.5,10.75,10.75,5227000,1.0,0.0,0.0,1
2020-11-03,10.75,11.86,10.63,11.57,11.57,7454500,1.0,0.82445,0.31245,2
2020-11-04,11.76,11.77,10.61,10.91,10.91,5807900,1.0,0.59245,-0.031399999999999983,2
2020-11-05,11.27,11.84,11.06,11.45,11.45,4705200,,,,0
2020-11-06,11.52,12.17,11.32,11.86,11.86,5518200,1.0,-0.2263,0.0,1
2020-11-07,11.52,12.17,11.32,11.86,11.86,5518200,1.3333333333333333,0.70385,0.1756333333333333,6
2020-11-08,11.52,12.17,11.32,11.86,11.86,5518200,1.0,0.0,0.0,1
2020-11-09,12.76,12.93,11.25,11.49,11.49,6244900,1.0,0.3285,0.0794125,8
2020-11-10,11.5,11.66,10.83,11.1,11.1,3826000,1.0,0.30585,-0.05851666666666666,6
2020-11-11,11.5,11.95,11.21,11.75,11.75,4882600,1.0,0.3869,0.055875,4
2020-11-12,11.74,11.87,10.97,11.13,11.13,4353300,1.0,0.05077999999999998,-0.24716,5
2020-11-13,11.36,11.55,11.0,11.01,11.01,3535900,1.0,0.5872,0.0,3
2020-11-14,11.36,11.55,11.0,11.01,11.01,3535900,1.0,0.36755,0.0,2
2020-11-15,11.36,11.55,11.0,11.01,11.01,3535900,19.0,0.7118200000000001,0.07782,5
2020-11-16,11.16,12.66,10.72,12.06,12.06,9774800,19.4,0.26958000000000004,-0.11644000000000002,5
2020-11-17,11.65,11.92,11.23,11.63,11.63,6678200,52.0,0.15859999999999996,0.14133333333333334,3
2020-11-18,11.8,12.04,11.56,11.57,11.57,3169200,12.0,-0.25680000000000003,-0.1858,3
2020-11-19,11.6,12.79,11.45,12.46,12.46,11787600,4.75,0.42295,0.179375,4
2020-11-20,12.55,13.46,12.54,12.71,12.71,8395400,1.0,0.002999999999999995,0.028471428571428564,14
2020-11-21,12.55,13.46,12.54,12.71,12.71,8395400,1.0,0.4277285714285714,-0.04982857142857142,7
2020-11-22,12.55,13.46,12.54,12.71,12.71,8395400,1.0,-0.8018000000000001,0.0,4
2020-11-23,12.9,14.12,12.67,13.9,13.9,9599100,1.0,0.584775,-0.04265000000000001,4
2020-11-24,14.23,14.26,13.3,13.67,13.67,7183200,1.0,0.17328888888888885,0.04395555555555555,9
2020-11-25,13.6,15.25,13.42,14.75,14.75,8860100,1.0,0.25116666666666665,0.08593333333333332,12
2020-11-26,13.6,15.25,13.42,14.75,14.75,8860100,1.0,0.47065555555555555,0.0753777777777778,18
2020-11-27,15.29,16.74,14.88,16.08,16.08,12504200,1.0277777777777777,0.20174722222222222,0.08234166666666667,36
2020-11-28,15.29,16.74,14.88,16.08,16.08,12504200,1.0,0.30901929824561397,0.02418245614035087,57
2020-11-29,15.29,16.74,14.88,16.08,16.08,12504200,1.0,0.16576056338028172,-0.05026901408450705,71
2020-11-30,18.17,19.42,16.559999,16.559999,16.559999,31983500,1.0142857142857142,0.21506785714285717,0.02204857142857143,140
2020-12-01,17.110001,17.4,15.76,15.8,15.8,12666000,1.0333333333333334,0.08494888888888891,-0.03400444444444445,90
2020-12-02,15.7,16.68,15.38,16.58,16.58,7883400,1.0,0.2538673913043478,0.04703260869565217,46
2020-12-03,16.48,16.639999,15.87,16.120001,16.120001,6295000,1.0,0.33720588235294124,0.040647058823529404,17
2020-12-04,16.299999,17.290001,16.26,16.9,16.9,8972700,2.88,0.336708,0.04198,25
2020-12-05,16.299999,17.290001,16.26,16.9,16.9,8972700,3.4375,0.59954375,0.06904375,16
2020-12-06,16.299999,17.290001,16.26,16.9,16.9,8972700,1.0,0.2151411764705882,0.03614117647058824,17
2020-12-07,17.0,17.5,16.219999,16.35,16.35,7386300,1.0,0.330555,0.0037150000000000043,20
2020-12-08,16.370001,17.209999,15.93,16.940001,16.940001,16120200,1.0,0.3352875,0.057081250000000014,32
2020-12-09,13.92,14.73,13.23,13.66,13.66,24357900,1.0,0.1920133333333333,-0.01329555555555555,45
2020-12-10,13.12,14.41,13.05,14.12,14.12,7558900,1.0,0.33914285714285713,0.10347857142857143,14
2020-12-11,13.91,14.0,13.02,13.31,13.31,7496900,1.0,0.44454999999999995,0.00760714285714286,14
2020-12-12,13.91,14.0,13.02,13.31,13.31,7496900,1.0,-0.161875,0.132325,8
2020-12-13,13.91,14.0,13.02,13.31,13.31,7496900,1.0,0.49551249999999997,0.0389375,8
2020-12-14,13.34,13.43,12.14,12.72,12.72,10007100,1.0,0.5501923076923078,0.07149230769230769,13
2020-12-15,12.78,14.02,12.48,13.85,13.85,8192900,1.0,0.3669,0.15854545454545454,11
2020-12-16,13.96,14.31,13.58,13.85,13.85,5865100,1.0,0.52046,0.05907,10
2020-12-17,13.96,14.98,13.59,14.83,14.83,8194900,0.5,0.9922500000000001,0.20095,2
2020-12-18,15.78,16.299999,15.18,15.63,15.63,16618800,49.25,-0.484325,0.322875,4
2020-12-19,15.78,16.299999,15.18,15.63,15.63,16618800,9.0,6.666666666665932e-05,-0.12726666666666667,3
2020-12-20,15.78,16.299999,15.18,15.63,15.63,16618800,1.0,0.2611571428571429,-0.07258571428571428,7
2020-12-21,15.81,16.35,15.28,15.53,15.53,9876100,1.0,0.607,0.014366666666666661,15
2020-12-22,16.219999,20.040001,16.15,19.459999,19.459999,30652700,1.0,0.26485652173913043,0.021821739130434784,23
2020-12-23,20.17,22.35,19.129999,20.57,20.57,25830300,1.0,0.4107867924528302,-0.005107547169811323,53
2020-12-24,21.01,21.48,19.950001,20.15,20.15,6262200,1.0196078431372548,0.34496274509803926,0.049835294117647054,51
2020-12-25,21.01,21.48,19.950001,20.15,20.15,6262200,1.0,0.5464703703703705,0.07221481481481482,27
2020-12-26,21.01,21.48,19.950001,20.15,20.15,6262200,1.0,0.5385516129032257,0.08975806451612903,31
2020-12-27,21.01,21.48,19.950001,20.15,20.15,6262200,0.972972972972973,0.14179459459459456,-0.030394594594594603,37
2020-12-28,21.309999,21.969999,20.35,20.99,20.99,8965900,1.0,0.15679056603773586,0.11057924528301889,53
2020-12-29,20.82,21.07,18.559999,19.379999,19.379999,9241400,1.0161290322580645,0.3769354838709677,0.006812903225806451,62
2020-12-30,19.379999,20.0,18.85,19.26,19.26,5934400,1.0,0.4875965517241379,-0.05794482758620689,29
2020-12-31,19.25,19.799999,18.799999,18.84,18.84,6918900,1.0,0.158913559322034,0.12574915254237287,59
2021-01-01,19.25,19.799999,18.799999,18.84,18.84,6918900,1.0,0.40219333333333324,-0.03016666666666667,30
2021-01-02,19.25,19.799999,18.799999,18.84,18.84,6918900,1.0,0.38131666666666664,0.03287222222222222,18
2021-01-03,19.25,19.799999,18.799999,18.84,18.84,6918900,1.0,0.5911333333333333,0.07396666666666668,15
2021-01-04,19.0,19.1,17.15,17.25,17.25,10022500,1.0,0.17972173913043477,0.04175217391304348,23
2021-01-05,17.35,18.08,17.23,17.370001,17.370001,4961500,1.0,0.45705882352941174,-0.039200000000000006,17
2021-01-06,17.34,18.98,17.33,18.360001,18.360001,6056200,3.0625,0.39718124999999993,0.034975,16
2021-01-07,18.469999,19.450001,18.02,18.08,18.08,6129300,13.0,0.5929800000000001,-0.0521,5
2021-01-08,18.18,18.299999,17.08,17.690001,17.690001,6464500,3.7857142857142856,0.12167142857142857,0.16375714285714285,14
2021-01-09,18.18,18.299999,17.08,17.690001,17.690001,6464500,2.875,0.33364999999999995,0.10500000000000001,8
2021-01-10,18.18,18.299999,17.08,17.690001,17.690001,6464500,1.0,0.8241333333333333,0.07404444444444443,9
2021-01-11,19.41,20.65,19.01,19.940001,19.940001,14927600,6.7631578947368425,0.42159736842105255,0.10786052631578948,38
2021-01-12,19.959999,20.4,19.32,19.950001,19.950001,7060700,6.166666666666667,0.5800333333333333,0.15025,18
2021-01-13,20.42,38.650002,20.030001,31.4,31.4,144501700,20.235294117647058,0.3575426470588236,0.12453088235294117,68
2021-01-14,38.09,43.060001,33.049999,39.91,39.91,93717400,10.78688524590164,0.41555491803278694,0.02186393442622952,122
2021-01-15,38.490002,40.75,34.009998,35.5,35.5,46752200,11.694805194805195,0.3968961038961039,0.06688961038961037,154
2021-01-16,38.490002,40.75,34.009998,35.5,35.5,46752200,4.177083333333333,0.5904083333333335,0.10855312499999999,96
2021-01-17,38.490002,40.75,34.009998,35.5,35.5,46752200,1.5368421052631578,0.5235263157894737,0.03407684210526315,95
2021-01-18,38.490002,40.75,34.009998,35.5,35.5,46752200,1.0,0.33360898876404493,0.05867696629213483,178
2021-01-19,41.549999,45.52,36.639999,39.360001,39.360001,74721900,8.287671232876713,0.367762328767123,0.0421595890410959,146
2021-01-20,37.369999,41.189999,36.060001,39.119999,39.119999,33471800,8.216216216216216,0.32639594594594584,-0.0013391891891891862,148
2021-01-21,39.23,44.75,37.0,43.029999,43.029999,57079800,3.041095890410959,0.3554349315068494,0.020434931506849312,146
2021-01-22,42.59,76.760002,42.32,65.010002,65.010002,196784300,1.053639846743295,0.2036417624521074,0.0354026819923372,783
2021-01-23,42.59,76.760002,42.32,65.010002,65.010002,196784300,1.003717472118959,0.38550408921933094,0.044339033457249086,269
2021-01-24,42.59,76.760002,42.32,65.010002,65.010002,196784300,1.0247524752475248,0.38820693069306944,0.022512871287128713,202
2021-01-25,96.730003,159.179993,61.130001,76.790001,76.790001,177874000,1.0430283224400871,0.17642489106753834,0.029490250544662283,1836
2021-01-26,88.559998,150.0,80.199997,147.979996,147.979996,178588000,1.0211640211640212,0.17230571428571426,0.022619470899470945,945
2021-01-27,354.829987,380.0,249.0,347.51001,347.51001,93396700,15.664205128205127,0.10034231794871798,0.010588553846153832,4875
2021-01-28,265.0,483.0,112.25,193.600006,193.600006,58815800,12.681533735351007,0.019036147457048583,-0.02515305495505738,8789
2021-01-29,379.709991,413.980011,250.0,325.0,325.0,50397132,1.0630105017502918,0.19339813302217024,0.037950408401400224,857
2021-01-30,379.709991,413.980011,250.0,325.0,325.0,50397132,1.0588235294117647,0.6461470588235294,0.018052941176470577,17
